[
  {
    "_id": "52bdd9b4ccbb573accb55f3f",
    "name": "Antonio",
    "lastName": "Stark",
    "password": "stark123",
    "email": "tonito@gmail.com",
    "birthday": "25/01/1985"
  },
  {
    "_id": "f3b7dcb9cbffd85ce4d3b39b",
    "name": "Bruno",
    "lastName": "Díaz",
    "password": "batman",
    "email": "batmandiaz@gmail.com",
    "birthday": "02/06/1995"
  },
  {
    "_id": "f1b53e61bc6c2ead1d72afba",
    "name": "Angelica",
    "lastName": "Pimpinela",
    "password": "localhost4",
    "email": "pimpa@gmail.com",
    "birthday": "02/05/1095"
  },
  {
    "_id": "db2be1f9989b9f4fe0d0ff9f",
    "email": "peperoni@hdfsjhf",
    "password": "45341",
    "avatar": ""
  },
  {
    "_id": "20e1d3f3b032ddcba64ff0ad",
    "email": "victoria@persona.com",
    "password": "951",
    "avatar": "https://media.istockphoto.com/id/2099403180/photo/laughing-yougn-businesswoman-standing-with-her-arms-crossed-against-an-office-wall.jpg?s=1024x1024&w=is&k=20&c=BqAmUmk3ja-I3Ehc4jgk8eJG4jDu5ucG0uxQz7OeST0="
  },
  {
    "_id": "791d1e32a34ac9a21232672a",
    "email": "nicoo.ladaga@gmail.com",
    "password": "4521",
    "avatar": ""
  }
]